title,description
Tymna the Weaver #18 (EN) - Final Fantasy: Through the Ages (FCA) - Non Foil,"âœ¨ Carte MTG Magic The Gathering Tymna the Weaver #18 - Final Fantasy: Through the Ages (FCA)
ğŸ“˜ Version Anglaise ğŸ‡¬ğŸ‡§
âœ… Ã‰tat : TrÃ¨s bon Ã©tat (Near Mint), carte en excellent Ã©tat (voir photos).

ğŸƒ Plein d'autres cartes sont disponibles sur mon profil mais aussi non listÃ© ! N'hÃ©sitez pas Ã  me demander pour la liste complÃ¨te de ma collection !

ğŸ›¡ï¸ Carte envoyÃ©e sous sleeve + toploader !
ğŸš€ ExpÃ©dition rapide sous 1 Ã  2 jours ouvrÃ©s ğŸ“¦
ğŸ¤ Remise en main propre possible sur Paris / 92 / 95
ğŸ“¸ Besoin de photos supplÃ©mentaires ? N'hÃ©sitez pas Ã  me demander !

ğŸ“¦ PossibilitÃ© de crÃ©er des lots personnalisÃ©s avec rÃ©duction sur les frais de port ğŸ¤‘

ğŸŒŸ Je recherche activement une Lightning, Army of One V.1 #320 en version Anglaise ou FranÃ§aise, Foil ou Non Foil, pour Ã©change ou achat (prÃ©fÃ©rence pour RMP en IDF) ğŸŒŸ
"
Command Beacon #64 (EN) - Final Fantasy: Through the Ages (FCA) - Non Foil,"âœ¨ Carte MTG Magic The Gathering Command Beacon #64 - Final Fantasy: Through the Ages (FCA)
ğŸ“˜ Version Anglaise ğŸ‡¬ğŸ‡§
âœ… Ã‰tat : TrÃ¨s bon Ã©tat (Near Mint), carte en excellent Ã©tat (voir photos).

ğŸƒ Plein d'autres cartes sont disponibles sur mon profil mais aussi non listÃ© ! N'hÃ©sitez pas Ã  me demander pour la liste complÃ¨te de ma collection !

ğŸ›¡ï¸ Carte envoyÃ©e sous sleeve + toploader !
ğŸš€ ExpÃ©dition rapide sous 1 Ã  2 jours ouvrÃ©s ğŸ“¦
ğŸ¤ Remise en main propre possible sur Paris / 92 / 95
ğŸ“¸ Besoin de photos supplÃ©mentaires ? N'hÃ©sitez pas Ã  me demander !

ğŸ“¦ PossibilitÃ© de crÃ©er des lots personnalisÃ©s avec rÃ©duction sur les frais de port ğŸ¤‘

ğŸŒŸ Je recherche activement une Lightning, Army of One V.1 #320 en version Anglaise ou FranÃ§aise, Foil ou Non Foil, pour Ã©change ou achat (prÃ©fÃ©rence pour RMP en IDF) ğŸŒŸ
"
Chromatic Lantern #61 (EN) - Final Fantasy: Through the Ages (FCA) - Non Foil,"âœ¨ Carte MTG Magic The Gathering Chromatic Lantern #61 - Final Fantasy: Through the Ages (FCA)
ğŸ“˜ Version Anglaise ğŸ‡¬ğŸ‡§
âœ… Ã‰tat : TrÃ¨s bon Ã©tat (Near Mint), carte en excellent Ã©tat (voir photos).

ğŸƒ Plein d'autres cartes sont disponibles sur mon profil mais aussi non listÃ© ! N'hÃ©sitez pas Ã  me demander pour la liste complÃ¨te de ma collection !

ğŸ›¡ï¸ Carte envoyÃ©e sous sleeve + toploader !
ğŸš€ ExpÃ©dition rapide sous 1 Ã  2 jours ouvrÃ©s ğŸ“¦
ğŸ¤ Remise en main propre possible sur Paris / 92 / 95
ğŸ“¸ Besoin de photos supplÃ©mentaires ? N'hÃ©sitez pas Ã  me demander !

ğŸ“¦ PossibilitÃ© de crÃ©er des lots personnalisÃ©s avec rÃ©duction sur les frais de port ğŸ¤‘

ğŸŒŸ Je recherche activement une Lightning, Army of One V.1 #320 en version Anglaise ou FranÃ§aise, Foil ou Non Foil, pour Ã©change ou achat (prÃ©fÃ©rence pour RMP en IDF) ğŸŒŸ
"
Fatal Push #9 (EN) - Final Fantasy: Through the Ages (FCA) - Non Foil,"âœ¨ Carte MTG Magic The Gathering Fatal Push #9 - Final Fantasy: Through the Ages (FCA)
ğŸ“˜ Version Anglaise ğŸ‡¬ğŸ‡§
âœ… Ã‰tat : TrÃ¨s bon Ã©tat (Near Mint), carte en excellent Ã©tat (voir photos).

ğŸƒ Plein d'autres cartes sont disponibles sur mon profil mais aussi non listÃ© ! N'hÃ©sitez pas Ã  me demander pour la liste complÃ¨te de ma collection !

ğŸ›¡ï¸ Carte envoyÃ©e sous sleeve + toploader !
ğŸš€ ExpÃ©dition rapide sous 1 Ã  2 jours ouvrÃ©s ğŸ“¦
ğŸ¤ Remise en main propre possible sur Paris / 92 / 95
ğŸ“¸ Besoin de photos supplÃ©mentaires ? N'hÃ©sitez pas Ã  me demander !

ğŸ“¦ PossibilitÃ© de crÃ©er des lots personnalisÃ©s avec rÃ©duction sur les frais de port ğŸ¤‘

ğŸŒŸ Je recherche activement une Lightning, Army of One V.1 #320 en version Anglaise ou FranÃ§aise, Foil ou Non Foil, pour Ã©change ou achat (prÃ©fÃ©rence pour RMP en IDF) ğŸŒŸ
"
Mizzix's Mastery #41 (EN) - Final Fantasy: Through the Ages (FCA) - Non Foil,"âœ¨ Carte MTG Magic The Gathering Mizzix's Mastery #41 - Final Fantasy: Through the Ages (FCA)
ğŸ“˜ Version Anglaise ğŸ‡¬ğŸ‡§
âœ… Ã‰tat : TrÃ¨s bon Ã©tat (Near Mint), carte en excellent Ã©tat (voir photos).

ğŸƒ Plein d'autres cartes sont disponibles sur mon profil mais aussi non listÃ© ! N'hÃ©sitez pas Ã  me demander pour la liste complÃ¨te de ma collection !

ğŸ›¡ï¸ Carte envoyÃ©e sous sleeve + toploader !
ğŸš€ ExpÃ©dition rapide sous 1 Ã  2 jours ouvrÃ©s ğŸ“¦
ğŸ¤ Remise en main propre possible sur Paris / 92 / 95
ğŸ“¸ Besoin de photos supplÃ©mentaires ? N'hÃ©sitez pas Ã  me demander !

ğŸ“¦ PossibilitÃ© de crÃ©er des lots personnalisÃ©s avec rÃ©duction sur les frais de port ğŸ¤‘

ğŸŒŸ Je recherche activement une Lightning, Army of One V.1 #320 en version Anglaise ou FranÃ§aise, Foil ou Non Foil, pour Ã©change ou achat (prÃ©fÃ©rence pour RMP en IDF) ğŸŒŸ
"
"Venser, Shaper Savant #6 (EN) - Final Fantasy: Through the Ages (FCA) - Non Foil","âœ¨ Carte MTG Magic The Gathering Venser, Shaper Savant #6 - Final Fantasy: Through the Ages (FCA)
ğŸ“˜ Version Anglaise ğŸ‡¬ğŸ‡§
âœ… Ã‰tat : TrÃ¨s bon Ã©tat (Near Mint), carte en excellent Ã©tat (voir photos).

ğŸƒ Plein d'autres cartes sont disponibles sur mon profil mais aussi non listÃ© ! N'hÃ©sitez pas Ã  me demander pour la liste complÃ¨te de ma collection !

ğŸ›¡ï¸ Carte envoyÃ©e sous sleeve + toploader !
ğŸš€ ExpÃ©dition rapide sous 1 Ã  2 jours ouvrÃ©s ğŸ“¦
ğŸ¤ Remise en main propre possible sur Paris / 92 / 95
ğŸ“¸ Besoin de photos supplÃ©mentaires ? N'hÃ©sitez pas Ã  me demander !

ğŸ“¦ PossibilitÃ© de crÃ©er des lots personnalisÃ©s avec rÃ©duction sur les frais de port ğŸ¤‘

ğŸŒŸ Je recherche activement une Lightning, Army of One V.1 #320 en version Anglaise ou FranÃ§aise, Foil ou Non Foil, pour Ã©change ou achat (prÃ©fÃ©rence pour RMP en IDF) ğŸŒŸ
"
Nature's Claim #47 (EN) - Final Fantasy: Through the Ages (FCA) - Non Foil,"âœ¨ Carte MTG Magic The Gathering Nature's Claim #47 - Final Fantasy: Through the Ages (FCA)
ğŸ“˜ Version Anglaise ğŸ‡¬ğŸ‡§
âœ… Ã‰tat : TrÃ¨s bon Ã©tat (Near Mint), carte en excellent Ã©tat (voir photos).

ğŸƒ Plein d'autres cartes sont disponibles sur mon profil mais aussi non listÃ© ! N'hÃ©sitez pas Ã  me demander pour la liste complÃ¨te de ma collection !

ğŸ›¡ï¸ Carte envoyÃ©e sous sleeve + toploader !
ğŸš€ ExpÃ©dition rapide sous 1 Ã  2 jours ouvrÃ©s ğŸ“¦
ğŸ¤ Remise en main propre possible sur Paris / 92 / 95
ğŸ“¸ Besoin de photos supplÃ©mentaires ? N'hÃ©sitez pas Ã  me demander !

ğŸ“¦ PossibilitÃ© de crÃ©er des lots personnalisÃ©s avec rÃ©duction sur les frais de port ğŸ¤‘

ğŸŒŸ Je recherche activement une Lightning, Army of One V.1 #320 en version Anglaise ou FranÃ§aise, Foil ou Non Foil, pour Ã©change ou achat (prÃ©fÃ©rence pour RMP en IDF) ğŸŒŸ
"
"Danitha Capashen, Paragon #22 (EN) - Final Fantasy: Through the Ages (FCA) - Non Foil","âœ¨ Carte MTG Magic The Gathering Danitha Capashen, Paragon #22 - Final Fantasy: Through the Ages (FCA)
ğŸ“˜ Version Anglaise ğŸ‡¬ğŸ‡§
âœ… Ã‰tat : TrÃ¨s bon Ã©tat (Near Mint), carte en excellent Ã©tat (voir photos).

ğŸƒ Plein d'autres cartes sont disponibles sur mon profil mais aussi non listÃ© ! N'hÃ©sitez pas Ã  me demander pour la liste complÃ¨te de ma collection !

ğŸ›¡ï¸ Carte envoyÃ©e sous sleeve + toploader !
ğŸš€ ExpÃ©dition rapide sous 1 Ã  2 jours ouvrÃ©s ğŸ“¦
ğŸ¤ Remise en main propre possible sur Paris / 92 / 95
ğŸ“¸ Besoin de photos supplÃ©mentaires ? N'hÃ©sitez pas Ã  me demander !

ğŸ“¦ PossibilitÃ© de crÃ©er des lots personnalisÃ©s avec rÃ©duction sur les frais de port ğŸ¤‘

ğŸŒŸ Je recherche activement une Lightning, Army of One V.1 #320 en version Anglaise ou FranÃ§aise, Foil ou Non Foil, pour Ã©change ou achat (prÃ©fÃ©rence pour RMP en IDF) ğŸŒŸ
"
Wall of Omens #27 (EN) - Final Fantasy: Through the Ages (FCA) - Non Foil,"âœ¨ Carte MTG Magic The Gathering Wall of Omens #27 - Final Fantasy: Through the Ages (FCA)
ğŸ“˜ Version Anglaise
âœ… Ã‰tat : TrÃ¨s bon Ã©tat (Near Mint), carte en excellent Ã©tat (voir photos).

ğŸƒ Plein d'autres cartes sont disponibles sur mon profil mais aussi non listÃ© ! N'hÃ©sitez pas Ã  me demander pour la liste complÃ¨te de ma collection !

ğŸ›¡ï¸ Carte envoyÃ©e sous sleeve + toploader !
ğŸš€ ExpÃ©dition rapide sous 1 Ã  2 jours ouvrÃ©s ğŸ“¦
ğŸ¤ Remise en main propre possible sur Paris / 92 / 95
ğŸ“¸ Besoin de photos supplÃ©mentaires ? N'hÃ©sitez pas Ã  me demander !

ğŸ“¦ PossibilitÃ© de crÃ©er des lots personnalisÃ©s avec rÃ©duction sur les frais de port ğŸ¤‘

ğŸŒŸ Je recherche activement une Lightning, Army of One V.1 #320 en version Anglaise ou FranÃ§aise, Foil ou Non Foil, pour Ã©change ou achat (prÃ©fÃ©rence pour RMP en IDF) ğŸŒŸ
"
"Traxos, Scourge of Kroog #20 (EN) - Final Fantasy: Through the Ages (FCA) - Non Foil","âœ¨ Carte MTG Magic The Gathering Traxos, Scourge of Kroog #20 - Final Fantasy: Through the Ages (FCA)
ğŸ“˜ Version Anglaise
âœ… Ã‰tat : TrÃ¨s bon Ã©tat (Near Mint), carte en excellent Ã©tat (voir photos).

ğŸƒ Plein d'autres cartes sont disponibles sur mon profil mais aussi non listÃ© ! N'hÃ©sitez pas Ã  me demander pour la liste complÃ¨te de ma collection !

ğŸ›¡ï¸ Carte envoyÃ©e sous sleeve + toploader !
ğŸš€ ExpÃ©dition rapide sous 1 Ã  2 jours ouvrÃ©s ğŸ“¦
ğŸ¤ Remise en main propre possible sur Paris / 92 / 95
ğŸ“¸ Besoin de photos supplÃ©mentaires ? N'hÃ©sitez pas Ã  me demander !

ğŸ“¦ PossibilitÃ© de crÃ©er des lots personnalisÃ©s avec rÃ©duction sur les frais de port ğŸ¤‘

ğŸŒŸ Je recherche activement une Lightning, Army of One V.1 #320 en version Anglaise ou FranÃ§aise, Foil ou Non Foil, pour Ã©change ou achat (prÃ©fÃ©rence pour RMP en IDF) ğŸŒŸ
"
Aerith Gainsborough #423 (FR) - Final Fantasy (FIN) - Foil,"âœ¨ Carte MTG Magic The Gathering Aerith Gainsborough #423 - Final Fantasy (FIN)
ğŸ“˜ Version FranÃ§aise ğŸ‡«ğŸ‡·
âœ… Ã‰tat : TrÃ¨s bon Ã©tat (Near Mint), carte en excellent Ã©tat (voir photos).

ğŸƒ Plein d'autres cartes sont disponibles sur mon profil mais aussi non listÃ© ! N'hÃ©sitez pas Ã  me demander pour la liste complÃ¨te de ma collection !

ğŸ›¡ï¸ Carte envoyÃ©e sous sleeve + toploader !
ğŸš€ ExpÃ©dition rapide sous 1 Ã  2 jours ouvrÃ©s ğŸ“¦
ğŸ¤ Remise en main propre possible sur Paris / 92 / 95
ğŸ“¸ Besoin de photos supplÃ©mentaires ? N'hÃ©sitez pas Ã  me demander !

ğŸ“¦ PossibilitÃ© de crÃ©er des lots personnalisÃ©s avec rÃ©duction sur les frais de port ğŸ¤‘

ğŸŒŸ Je recherche activement une Lightning, Army of One V.1 #320 en version Anglaise ou FranÃ§aise, Foil ou Non Foil, pour Ã©change ou achat (prÃ©fÃ©rence pour RMP en IDF) ğŸŒŸ
"
Buster Sword #255 (FR) - Final Fantasy (FIN) - Non Foil,"âœ¨ Carte MTG Magic The Gathering Buster Sword #255 - Final Fantasy (FIN)
ğŸ“˜ Version FranÃ§aise ğŸ‡«ğŸ‡·
âœ… Ã‰tat : TrÃ¨s bon Ã©tat (Near Mint), carte en excellent Ã©tat (voir photos).

ğŸƒ Plein d'autres cartes sont disponibles sur mon profil mais aussi non listÃ© ! N'hÃ©sitez pas Ã  me demander pour la liste complÃ¨te de ma collection !

ğŸ›¡ï¸ Carte envoyÃ©e sous sleeve + toploader !
ğŸš€ ExpÃ©dition rapide sous 1 Ã  2 jours ouvrÃ©s ğŸ“¦
ğŸ¤ Remise en main propre possible sur Paris / 92 / 95
ğŸ“¸ Besoin de photos supplÃ©mentaires ? N'hÃ©sitez pas Ã  me demander !

ğŸ“¦ PossibilitÃ© de crÃ©er des lots personnalisÃ©s avec rÃ©duction sur les frais de port ğŸ¤‘

ğŸŒŸ Je recherche activement une Lightning, Army of One V.1 #320 en version Anglaise ou FranÃ§aise, Foil ou Non Foil, pour Ã©change ou achat (prÃ©fÃ©rence pour RMP en IDF) ğŸŒŸ
"
"Cloud, Midgar Mercenary #10 (FR) - Final Fantasy (FIN) - Non Foil","âœ¨ Carte MTG Magic The Gathering Cloud, Midgar Mercenary #10 - Final Fantasy (FIN)
ğŸ“˜ Version FranÃ§aise ğŸ‡«ğŸ‡·
âœ… Ã‰tat : TrÃ¨s bon Ã©tat (Near Mint), carte en excellent Ã©tat (voir photos).

ğŸƒ Plein d'autres cartes sont disponibles sur mon profil mais aussi non listÃ© ! N'hÃ©sitez pas Ã  me demander pour la liste complÃ¨te de ma collection !

ğŸ›¡ï¸ Carte envoyÃ©e sous sleeve + toploader !
ğŸš€ ExpÃ©dition rapide sous 1 Ã  2 jours ouvrÃ©s ğŸ“¦
ğŸ¤ Remise en main propre possible sur Paris / 92 / 95
ğŸ“¸ Besoin de photos supplÃ©mentaires ? N'hÃ©sitez pas Ã  me demander !

ğŸ“¦ PossibilitÃ© de crÃ©er des lots personnalisÃ©s avec rÃ©duction sur les frais de port ğŸ¤‘

ğŸŒŸ Je recherche activement une Lightning, Army of One V.1 #320 en version Anglaise ou FranÃ§aise, Foil ou Non Foil, pour Ã©change ou achat (prÃ©fÃ©rence pour RMP en IDF) ğŸŒŸ
"
"Zidane, Tantalus Thief #518 (FR) - Final Fantasy (FIN) - Foil","âœ¨ Carte MTG Magic The Gathering Zidane, Tantalus Thief #518 - Final Fantasy (FIN)
ğŸ“˜ Version FranÃ§aise ğŸ‡«ğŸ‡·
âœ… Ã‰tat : TrÃ¨s bon Ã©tat (Near Mint), carte en excellent Ã©tat (voir photos).

ğŸƒ Plein d'autres cartes sont disponibles sur mon profil mais aussi non listÃ© ! N'hÃ©sitez pas Ã  me demander pour la liste complÃ¨te de ma collection !

ğŸ›¡ï¸ Carte envoyÃ©e sous sleeve + toploader !
ğŸš€ ExpÃ©dition rapide sous 1 Ã  2 jours ouvrÃ©s ğŸ“¦
ğŸ¤ Remise en main propre possible sur Paris / 92 / 95
ğŸ“¸ Besoin de photos supplÃ©mentaires ? N'hÃ©sitez pas Ã  me demander !

ğŸ“¦ PossibilitÃ© de crÃ©er des lots personnalisÃ©s avec rÃ©duction sur les frais de port ğŸ¤‘

ğŸŒŸ Je recherche activement une Lightning, Army of One V.1 #320 en version Anglaise ou FranÃ§aise, Foil ou Non Foil, pour Ã©change ou achat (prÃ©fÃ©rence pour RMP en IDF) ğŸŒŸ
"
"Yuna, Hope of Spira #250 (FR) - Final Fantasy (FIN) - Non Foil","âœ¨ Carte MTG Magic The Gathering Yuna, Hope of Spira #250 - Final Fantasy (FIN)
ğŸ“˜ Version FranÃ§aise ğŸ‡«ğŸ‡·
âœ… Ã‰tat : TrÃ¨s bon Ã©tat (Near Mint), carte en excellent Ã©tat (voir photos).

ğŸƒ Plein d'autres cartes sont disponibles sur mon profil mais aussi non listÃ© ! N'hÃ©sitez pas Ã  me demander pour la liste complÃ¨te de ma collection !

ğŸ›¡ï¸ Carte envoyÃ©e sous sleeve + toploader !
ğŸš€ ExpÃ©dition rapide sous 1 Ã  2 jours ouvrÃ©s ğŸ“¦
ğŸ¤ Remise en main propre possible sur Paris / 92 / 95
ğŸ“¸ Besoin de photos supplÃ©mentaires ? N'hÃ©sitez pas Ã  me demander !

ğŸ“¦ PossibilitÃ© de crÃ©er des lots personnalisÃ©s avec rÃ©duction sur les frais de port ğŸ¤‘

ğŸŒŸ Je recherche activement une Lightning, Army of One V.1 #320 en version Anglaise ou FranÃ§aise, Foil ou Non Foil, pour Ã©change ou achat (prÃ©fÃ©rence pour RMP en IDF) ğŸŒŸ
"
The Emperor of Palamecia // The Lord Master of Hell #484 (FR) - Final Fantasy (FIN) - Foil,"âœ¨ Carte MTG Magic The Gathering The Emperor of Palamecia // The Lord Master of Hell #484 - Final Fantasy (FIN)
ğŸ“˜ Version FranÃ§aise ğŸ‡«ğŸ‡·
âœ… Ã‰tat : TrÃ¨s bon Ã©tat (Near Mint), carte en excellent Ã©tat (voir photos).

ğŸƒ Plein d'autres cartes sont disponibles sur mon profil mais aussi non listÃ© ! N'hÃ©sitez pas Ã  me demander pour la liste complÃ¨te de ma collection !

ğŸ›¡ï¸ Carte envoyÃ©e sous sleeve + toploader !
ğŸš€ ExpÃ©dition rapide sous 1 Ã  2 jours ouvrÃ©s ğŸ“¦
ğŸ¤ Remise en main propre possible sur Paris / 92 / 95
ğŸ“¸ Besoin de photos supplÃ©mentaires ? N'hÃ©sitez pas Ã  me demander !

ğŸ“¦ PossibilitÃ© de crÃ©er des lots personnalisÃ©s avec rÃ©duction sur les frais de port ğŸ¤‘

ğŸŒŸ Je recherche activement une Lightning, Army of One V.1 #320 en version Anglaise ou FranÃ§aise, Foil ou Non Foil, pour Ã©change ou achat (prÃ©fÃ©rence pour RMP en IDF) ğŸŒŸ
"
Hildibrand Manderville // Gentleman's Rise #173 (FR) - Final Fantasy Commander (FIC) - Foil,"âœ¨ Carte MTG Magic The Gathering Hildibrand Manderville // Gentleman's Rise #173 - Final Fantasy Commander (FIC)
ğŸ“˜ Version FranÃ§aise ğŸ‡«ğŸ‡·
âœ… Ã‰tat : TrÃ¨s bon Ã©tat (Near Mint), carte en excellent Ã©tat (voir photos).

ğŸƒ Plein d'autres cartes sont disponibles sur mon profil mais aussi non listÃ© ! N'hÃ©sitez pas Ã  me demander pour la liste complÃ¨te de ma collection !

ğŸ›¡ï¸ Carte envoyÃ©e sous sleeve + toploader !
ğŸš€ ExpÃ©dition rapide sous 1 Ã  2 jours ouvrÃ©s ğŸ“¦
ğŸ¤ Remise en main propre possible sur Paris / 92 / 95
ğŸ“¸ Besoin de photos supplÃ©mentaires ? N'hÃ©sitez pas Ã  me demander !

ğŸ“¦ PossibilitÃ© de crÃ©er des lots personnalisÃ©s avec rÃ©duction sur les frais de port ğŸ¤‘

ğŸŒŸ Je recherche activement une Lightning, Army of One V.1 #320 en version Anglaise ou FranÃ§aise, Foil ou Non Foil, pour Ã©change ou achat (prÃ©fÃ©rence pour RMP en IDF) ğŸŒŸ
"
The Earth Crystal #342 (FR) - Final Fantasy (FIN) - Non Foil,"âœ¨ Carte MTG Magic The Gathering The Earth Crystal #342 - Final Fantasy (FIN)
ğŸ“˜ Version FranÃ§aise ğŸ‡«ğŸ‡·
âœ… Ã‰tat : TrÃ¨s bon Ã©tat (Near Mint), carte en excellent Ã©tat (voir photos).

ğŸƒ Plein d'autres cartes sont disponibles sur mon profil mais aussi non listÃ© ! N'hÃ©sitez pas Ã  me demander pour la liste complÃ¨te de ma collection !

ğŸ›¡ï¸ Carte envoyÃ©e sous sleeve + toploader !
ğŸš€ ExpÃ©dition rapide sous 1 Ã  2 jours ouvrÃ©s ğŸ“¦
ğŸ¤ Remise en main propre possible sur Paris / 92 / 95
ğŸ“¸ Besoin de photos supplÃ©mentaires ? N'hÃ©sitez pas Ã  me demander !

ğŸ“¦ PossibilitÃ© de crÃ©er des lots personnalisÃ©s avec rÃ©duction sur les frais de port ğŸ¤‘

ğŸŒŸ Je recherche activement une Lightning, Army of One V.1 #320 en version Anglaise ou FranÃ§aise, Foil ou Non Foil, pour Ã©change ou achat (prÃ©fÃ©rence pour RMP en IDF) ğŸŒŸ
"
Locke Cole #499 (FR) - Final Fantasy (FIN) - Foil,"âœ¨ Carte MTG Magic The Gathering Locke Cole #499 - Final Fantasy (FIN)
ğŸ“˜ Version FranÃ§aise ğŸ‡«ğŸ‡·
âœ… Ã‰tat : TrÃ¨s bon Ã©tat (Near Mint), carte en excellent Ã©tat (voir photos).

ğŸƒ Plein d'autres cartes sont disponibles sur mon profil mais aussi non listÃ© ! N'hÃ©sitez pas Ã  me demander pour la liste complÃ¨te de ma collection !

ğŸ›¡ï¸ Carte envoyÃ©e sous sleeve + toploader !
ğŸš€ ExpÃ©dition rapide sous 1 Ã  2 jours ouvrÃ©s ğŸ“¦
ğŸ¤ Remise en main propre possible sur Paris / 92 / 95
ğŸ“¸ Besoin de photos supplÃ©mentaires ? N'hÃ©sitez pas Ã  me demander !

ğŸ“¦ PossibilitÃ© de crÃ©er des lots personnalisÃ©s avec rÃ©duction sur les frais de port ğŸ¤‘

ğŸŒŸ Je recherche activement une Lightning, Army of One V.1 #320 en version Anglaise ou FranÃ§aise, Foil ou Non Foil, pour Ã©change ou achat (prÃ©fÃ©rence pour RMP en IDF) ğŸŒŸ
"
"Cecil, Dark Knight // Cecil, Redeemed Paladin #380 (FR) - Final Fantasy (FIN) - Non Foil","âœ¨ Carte MTG Magic The Gathering Cecil, Dark Knight // Cecil, Redeemed Paladin #380 - Final Fantasy (FIN)
ğŸ“˜ Version FranÃ§aise ğŸ‡«ğŸ‡·
âœ… Ã‰tat : TrÃ¨s bon Ã©tat (Near Mint), carte en excellent Ã©tat (voir photos).

ğŸƒ Plein d'autres cartes sont disponibles sur mon profil mais aussi non listÃ© ! N'hÃ©sitez pas Ã  me demander pour la liste complÃ¨te de ma collection !

ğŸ›¡ï¸ Carte envoyÃ©e sous sleeve + toploader !
ğŸš€ ExpÃ©dition rapide sous 1 Ã  2 jours ouvrÃ©s ğŸ“¦
ğŸ¤ Remise en main propre possible sur Paris / 92 / 95
ğŸ“¸ Besoin de photos supplÃ©mentaires ? N'hÃ©sitez pas Ã  me demander !

ğŸ“¦ PossibilitÃ© de crÃ©er des lots personnalisÃ©s avec rÃ©duction sur les frais de port ğŸ¤‘

ğŸŒŸ Je recherche activement une Lightning, Army of One V.1 #320 en version Anglaise ou FranÃ§aise, Foil ou Non Foil, pour Ã©change ou achat (prÃ©fÃ©rence pour RMP en IDF) ğŸŒŸ
"
Krile Baldesion #176 (FR) - Final Fantasy Commander (FIC) - Foil,"âœ¨ Carte MTG Magic The Gathering Krile Baldesion #176 - Final Fantasy Commander (FIC)
ğŸ“˜ Version FranÃ§aise ğŸ‡«ğŸ‡·
âœ… Ã‰tat : TrÃ¨s bon Ã©tat (Near Mint), carte en excellent Ã©tat (voir photos).

ğŸƒ Plein d'autres cartes sont disponibles sur mon profil mais aussi non listÃ© ! N'hÃ©sitez pas Ã  me demander pour la liste complÃ¨te de ma collection !

ğŸ›¡ï¸ Carte envoyÃ©e sous sleeve + toploader !
ğŸš€ ExpÃ©dition rapide sous 1 Ã  2 jours ouvrÃ©s ğŸ“¦
ğŸ¤ Remise en main propre possible sur Paris / 92 / 95
ğŸ“¸ Besoin de photos supplÃ©mentaires ? N'hÃ©sitez pas Ã  me demander !

ğŸ“¦ PossibilitÃ© de crÃ©er des lots personnalisÃ©s avec rÃ©duction sur les frais de port ğŸ¤‘

ğŸŒŸ Je recherche activement une Lightning, Army of One V.1 #320 en version Anglaise ou FranÃ§aise, Foil ou Non Foil, pour Ã©change ou achat (prÃ©fÃ©rence pour RMP en IDF) ğŸŒŸ
"
"Gogo, Master of Mimicry #54 (FR) - Final Fantasy (FIN) - Non Foil","âœ¨ Carte MTG Magic The Gathering Gogo, Master of Mimicry #54 - Final Fantasy (FIN)
ğŸ“˜ Version FranÃ§aise ğŸ‡«ğŸ‡·
âœ… Ã‰tat : TrÃ¨s bon Ã©tat (Near Mint), carte en excellent Ã©tat (voir photos).

ğŸƒ Plein d'autres cartes sont disponibles sur mon profil mais aussi non listÃ© ! N'hÃ©sitez pas Ã  me demander pour la liste complÃ¨te de ma collection !

ğŸ›¡ï¸ Carte envoyÃ©e sous sleeve + toploader !
ğŸš€ ExpÃ©dition rapide sous 1 Ã  2 jours ouvrÃ©s ğŸ“¦
ğŸ¤ Remise en main propre possible sur Paris / 92 / 95
ğŸ“¸ Besoin de photos supplÃ©mentaires ? N'hÃ©sitez pas Ã  me demander !

ğŸ“¦ PossibilitÃ© de crÃ©er des lots personnalisÃ©s avec rÃ©duction sur les frais de port ğŸ¤‘

ğŸŒŸ Je recherche activement une Lightning, Army of One V.1 #320 en version Anglaise ou FranÃ§aise, Foil ou Non Foil, pour Ã©change ou achat (prÃ©fÃ©rence pour RMP en IDF) ğŸŒŸ
"
Aerith Gainsborough #374 (FR) - Final Fantasy (FIN) - Non Foil,"âœ¨ Carte MTG Magic The Gathering Aerith Gainsborough #374 - Final Fantasy (FIN)
ğŸ“˜ Version FranÃ§aise ğŸ‡«ğŸ‡·
âœ… Ã‰tat : TrÃ¨s bon Ã©tat (Near Mint), carte en excellent Ã©tat (voir photos).

ğŸƒ Plein d'autres cartes sont disponibles sur mon profil mais aussi non listÃ© ! N'hÃ©sitez pas Ã  me demander pour la liste complÃ¨te de ma collection !

ğŸ›¡ï¸ Carte envoyÃ©e sous sleeve + toploader !
ğŸš€ ExpÃ©dition rapide sous 1 Ã  2 jours ouvrÃ©s ğŸ“¦
ğŸ¤ Remise en main propre possible sur Paris / 92 / 95
ğŸ“¸ Besoin de photos supplÃ©mentaires ? N'hÃ©sitez pas Ã  me demander !

ğŸ“¦ PossibilitÃ© de crÃ©er des lots personnalisÃ©s avec rÃ©duction sur les frais de port ğŸ¤‘

ğŸŒŸ Je recherche activement une Lightning, Army of One V.1 #320 en version Anglaise ou FranÃ§aise, Foil ou Non Foil, pour Ã©change ou achat (prÃ©fÃ©rence pour RMP en IDF) ğŸŒŸ
"
"Cid, Timeless Artificer #417 (FR) - Final Fantasy (FIN) - Non Foil","âœ¨ Carte MTG Magic The Gathering Cid, Timeless Artificer #417 - Final Fantasy (FIN)
ğŸ“˜ Version FranÃ§aise ğŸ‡«ğŸ‡·
âœ… Ã‰tat : TrÃ¨s bon Ã©tat (Near Mint), carte en excellent Ã©tat (voir photos).

ğŸƒ Plein d'autres cartes sont disponibles sur mon profil mais aussi non listÃ© ! N'hÃ©sitez pas Ã  me demander pour la liste complÃ¨te de ma collection !

ğŸ›¡ï¸ Carte envoyÃ©e sous sleeve + toploader !
ğŸš€ ExpÃ©dition rapide sous 1 Ã  2 jours ouvrÃ©s ğŸ“¦
ğŸ¤ Remise en main propre possible sur Paris / 92 / 95
ğŸ“¸ Besoin de photos supplÃ©mentaires ? N'hÃ©sitez pas Ã  me demander !

ğŸ“¦ PossibilitÃ© de crÃ©er des lots personnalisÃ©s avec rÃ©duction sur les frais de port ğŸ¤‘

ğŸŒŸ Je recherche activement une Lightning, Army of One V.1 #320 en version Anglaise ou FranÃ§aise, Foil ou Non Foil, pour Ã©change ou achat (prÃ©fÃ©rence pour RMP en IDF) ğŸŒŸ
"
"Cid, Timeless Artificer #410 (FR) - Final Fantasy (FIN) - Non Foil","âœ¨ Carte MTG Magic The Gathering Cid, Timeless Artificer #410 - Final Fantasy (FIN)
ğŸ“˜ Version FranÃ§aise ğŸ‡«ğŸ‡·
âœ… Ã‰tat : TrÃ¨s bon Ã©tat (Near Mint), carte en excellent Ã©tat (voir photos).

ğŸƒ Plein d'autres cartes sont disponibles sur mon profil mais aussi non listÃ© ! N'hÃ©sitez pas Ã  me demander pour la liste complÃ¨te de ma collection !

ğŸ›¡ï¸ Carte envoyÃ©e sous sleeve + toploader !
ğŸš€ ExpÃ©dition rapide sous 1 Ã  2 jours ouvrÃ©s ğŸ“¦
ğŸ¤ Remise en main propre possible sur Paris / 92 / 95
ğŸ“¸ Besoin de photos supplÃ©mentaires ? N'hÃ©sitez pas Ã  me demander !

ğŸ“¦ PossibilitÃ© de crÃ©er des lots personnalisÃ©s avec rÃ©duction sur les frais de port ğŸ¤‘

ğŸŒŸ Je recherche activement une Lightning, Army of One V.1 #320 en version Anglaise ou FranÃ§aise, Foil ou Non Foil, pour Ã©change ou achat (prÃ©fÃ©rence pour RMP en IDF) ğŸŒŸ
"
Aettir and Priwen #253 (FR) - Final Fantasy (FIN) - Non Foil,"âœ¨ Carte MTG Magic The Gathering Aettir and Priwen #253 - Final Fantasy (FIN)
ğŸ“˜ Version FranÃ§aise ğŸ‡«ğŸ‡·
âœ… Ã‰tat : TrÃ¨s bon Ã©tat (Near Mint), carte en excellent Ã©tat (voir photos).

ğŸƒ Plein d'autres cartes sont disponibles sur mon profil mais aussi non listÃ© ! N'hÃ©sitez pas Ã  me demander pour la liste complÃ¨te de ma collection !

ğŸ›¡ï¸ Carte envoyÃ©e sous sleeve + toploader !
ğŸš€ ExpÃ©dition rapide sous 1 Ã  2 jours ouvrÃ©s ğŸ“¦
ğŸ¤ Remise en main propre possible sur Paris / 92 / 95
ğŸ“¸ Besoin de photos supplÃ©mentaires ? N'hÃ©sitez pas Ã  me demander !

ğŸ“¦ PossibilitÃ© de crÃ©er des lots personnalisÃ©s avec rÃ©duction sur les frais de port ğŸ¤‘

ğŸŒŸ Je recherche activement une Lightning, Army of One V.1 #320 en version Anglaise ou FranÃ§aise, Foil ou Non Foil, pour Ã©change ou achat (prÃ©fÃ©rence pour RMP en IDF) ğŸŒŸ
"
"Clive, Ifrit's Dominant // Ifrit, Warden of Inferno #133 (FR) - Final Fantasy (FIN) - Non Foil","âœ¨ Carte MTG Magic The Gathering Clive, Ifrit's Dominant // Ifrit, Warden of Inferno #133 - Final Fantasy (FIN)
ğŸ“˜ Version FranÃ§aise ğŸ‡«ğŸ‡·
âœ… Ã‰tat : TrÃ¨s bon Ã©tat (Near Mint), carte en excellent Ã©tat (voir photos).

ğŸƒ Plein d'autres cartes sont disponibles sur mon profil mais aussi non listÃ© ! N'hÃ©sitez pas Ã  me demander pour la liste complÃ¨te de ma collection !

ğŸ›¡ï¸ Carte envoyÃ©e sous sleeve + toploader !
ğŸš€ ExpÃ©dition rapide sous 1 Ã  2 jours ouvrÃ©s ğŸ“¦
ğŸ¤ Remise en main propre possible sur Paris / 92 / 95
ğŸ“¸ Besoin de photos supplÃ©mentaires ? N'hÃ©sitez pas Ã  me demander !

ğŸ“¦ PossibilitÃ© de crÃ©er des lots personnalisÃ©s avec rÃ©duction sur les frais de port ğŸ¤‘

ğŸŒŸ Je recherche activement une Lightning, Army of One V.1 #320 en version Anglaise ou FranÃ§aise, Foil ou Non Foil, pour Ã©change ou achat (prÃ©fÃ©rence pour RMP en IDF) ğŸŒŸ
"
The Wandering Minstrel #403 (FR) - Final Fantasy (FIN) - Non Foil,"âœ¨ Carte MTG Magic The Gathering The Wandering Minstrel #403 - Final Fantasy (FIN)
ğŸ“˜ Version FranÃ§aise ğŸ‡«ğŸ‡·
âœ… Ã‰tat : TrÃ¨s bon Ã©tat (Near Mint), carte en excellent Ã©tat (voir photos).

ğŸƒ Plein d'autres cartes sont disponibles sur mon profil mais aussi non listÃ© ! N'hÃ©sitez pas Ã  me demander pour la liste complÃ¨te de ma collection !

ğŸ›¡ï¸ Carte envoyÃ©e sous sleeve + toploader !
ğŸš€ ExpÃ©dition rapide sous 1 Ã  2 jours ouvrÃ©s ğŸ“¦
ğŸ¤ Remise en main propre possible sur Paris / 92 / 95
ğŸ“¸ Besoin de photos supplÃ©mentaires ? N'hÃ©sitez pas Ã  me demander !

ğŸ“¦ PossibilitÃ© de crÃ©er des lots personnalisÃ©s avec rÃ©duction sur les frais de port ğŸ¤‘

ğŸŒŸ Je recherche activement une Lightning, Army of One V.1 #320 en version Anglaise ou FranÃ§aise, Foil ou Non Foil, pour Ã©change ou achat (prÃ©fÃ©rence pour RMP en IDF) ğŸŒŸ
"
Jumbo Cactuar #191 (FR) - Final Fantasy (FIN) - Non Foil,"âœ¨ Carte MTG Magic The Gathering Jumbo Cactuar #191 - Final Fantasy (FIN)
ğŸ“˜ Version FranÃ§aise ğŸ‡«ğŸ‡·
âœ… Ã‰tat : TrÃ¨s bon Ã©tat (Near Mint), carte en excellent Ã©tat (voir photos).

ğŸƒ Plein d'autres cartes sont disponibles sur mon profil mais aussi non listÃ© ! N'hÃ©sitez pas Ã  me demander pour la liste complÃ¨te de ma collection !

ğŸ›¡ï¸ Carte envoyÃ©e sous sleeve + toploader !
ğŸš€ ExpÃ©dition rapide sous 1 Ã  2 jours ouvrÃ©s ğŸ“¦
ğŸ¤ Remise en main propre possible sur Paris / 92 / 95
ğŸ“¸ Besoin de photos supplÃ©mentaires ? N'hÃ©sitez pas Ã  me demander !

ğŸ“¦ PossibilitÃ© de crÃ©er des lots personnalisÃ©s avec rÃ©duction sur les frais de port ğŸ¤‘

ğŸŒŸ Je recherche activement une Lightning, Army of One V.1 #320 en version Anglaise ou FranÃ§aise, Foil ou Non Foil, pour Ã©change ou achat (prÃ©fÃ©rence pour RMP en IDF) ğŸŒŸ
"
The Fire Crystal #135 (FR) - Final Fantasy (FIN) - Non Foil,"âœ¨ Carte MTG Magic The Gathering The Fire Crystal #135 - Final Fantasy (FIN)
ğŸ“˜ Version FranÃ§aise ğŸ‡«ğŸ‡·
âœ… Ã‰tat : TrÃ¨s bon Ã©tat (Near Mint), carte en excellent Ã©tat (voir photos).

ğŸƒ Plein d'autres cartes sont disponibles sur mon profil mais aussi non listÃ© ! N'hÃ©sitez pas Ã  me demander pour la liste complÃ¨te de ma collection !

ğŸ›¡ï¸ Carte envoyÃ©e sous sleeve + toploader !
ğŸš€ ExpÃ©dition rapide sous 1 Ã  2 jours ouvrÃ©s ğŸ“¦
ğŸ¤ Remise en main propre possible sur Paris / 92 / 95
ğŸ“¸ Besoin de photos supplÃ©mentaires ? N'hÃ©sitez pas Ã  me demander !

ğŸ“¦ PossibilitÃ© de crÃ©er des lots personnalisÃ©s avec rÃ©duction sur les frais de port ğŸ¤‘

ğŸŒŸ Je recherche activement une Lightning, Army of One V.1 #320 en version Anglaise ou FranÃ§aise, Foil ou Non Foil, pour Ã©change ou achat (prÃ©fÃ©rence pour RMP en IDF) ğŸŒŸ
"
"Midgar, City of Mako // Reactor Raid #286 (FR) - Final Fantasy (FIN) - Non Foil","âœ¨ Carte MTG Magic The Gathering Midgar, City of Mako // Reactor Raid #286 - Final Fantasy (FIN)
ğŸ“˜ Version FranÃ§aise ğŸ‡«ğŸ‡·
âœ… Ã‰tat : TrÃ¨s bon Ã©tat (Near Mint), carte en excellent Ã©tat (voir photos).

ğŸƒ Plein d'autres cartes sont disponibles sur mon profil mais aussi non listÃ© ! N'hÃ©sitez pas Ã  me demander pour la liste complÃ¨te de ma collection !

ğŸ›¡ï¸ Carte envoyÃ©e sous sleeve + toploader !
ğŸš€ ExpÃ©dition rapide sous 1 Ã  2 jours ouvrÃ©s ğŸ“¦
ğŸ¤ Remise en main propre possible sur Paris / 92 / 95
ğŸ“¸ Besoin de photos supplÃ©mentaires ? N'hÃ©sitez pas Ã  me demander !

ğŸ“¦ PossibilitÃ© de crÃ©er des lots personnalisÃ©s avec rÃ©duction sur les frais de port ğŸ¤‘

ğŸŒŸ Je recherche activement une Lightning, Army of One V.1 #320 en version Anglaise ou FranÃ§aise, Foil ou Non Foil, pour Ã©change ou achat (prÃ©fÃ©rence pour RMP en IDF) ğŸŒŸ
"
The Wandering Minstrel #249 (FR) - Final Fantasy (FIN) - Foil,"âœ¨ Carte MTG Magic The Gathering The Wandering Minstrel #249 - Final Fantasy (FIN)
ğŸ“˜ Version FranÃ§aise ğŸ‡«ğŸ‡·
âœ… Ã‰tat : TrÃ¨s bon Ã©tat (Near Mint), carte en excellent Ã©tat (voir photos).

ğŸƒ Plein d'autres cartes sont disponibles sur mon profil mais aussi non listÃ© ! N'hÃ©sitez pas Ã  me demander pour la liste complÃ¨te de ma collection !

ğŸ›¡ï¸ Carte envoyÃ©e sous sleeve + toploader !
ğŸš€ ExpÃ©dition rapide sous 1 Ã  2 jours ouvrÃ©s ğŸ“¦
ğŸ¤ Remise en main propre possible sur Paris / 92 / 95
ğŸ“¸ Besoin de photos supplÃ©mentaires ? N'hÃ©sitez pas Ã  me demander !

ğŸ“¦ PossibilitÃ© de crÃ©er des lots personnalisÃ©s avec rÃ©duction sur les frais de port ğŸ¤‘

ğŸŒŸ Je recherche activement une Lightning, Army of One V.1 #320 en version Anglaise ou FranÃ§aise, Foil ou Non Foil, pour Ã©change ou achat (prÃ©fÃ©rence pour RMP en IDF) ğŸŒŸ
"
Louisoix's Sacrifice #59 (FR) - Final Fantasy (FIN) - Non Foil,"âœ¨ Carte MTG Magic The Gathering Louisoix's Sacrifice #59 - Final Fantasy (FIN)
ğŸ“˜ Version FranÃ§aise ğŸ‡«ğŸ‡·
âœ… Ã‰tat : TrÃ¨s bon Ã©tat (Near Mint), carte en excellent Ã©tat (voir photos).

ğŸƒ Plein d'autres cartes sont disponibles sur mon profil mais aussi non listÃ© ! N'hÃ©sitez pas Ã  me demander pour la liste complÃ¨te de ma collection !

ğŸ›¡ï¸ Carte envoyÃ©e sous sleeve + toploader !
ğŸš€ ExpÃ©dition rapide sous 1 Ã  2 jours ouvrÃ©s ğŸ“¦
ğŸ¤ Remise en main propre possible sur Paris / 92 / 95
ğŸ“¸ Besoin de photos supplÃ©mentaires ? N'hÃ©sitez pas Ã  me demander !

ğŸ“¦ PossibilitÃ© de crÃ©er des lots personnalisÃ©s avec rÃ©duction sur les frais de port ğŸ¤‘

ğŸŒŸ Je recherche activement une Lightning, Army of One V.1 #320 en version Anglaise ou FranÃ§aise, Foil ou Non Foil, pour Ã©change ou achat (prÃ©fÃ©rence pour RMP en IDF) ğŸŒŸ
"
"Stiltzkin, Moogle Merchant #327 (FR) - Final Fantasy (FIN) - Non Foil","âœ¨ Carte MTG Magic The Gathering Stiltzkin, Moogle Merchant #327 - Final Fantasy (FIN)
ğŸ“˜ Version FranÃ§aise ğŸ‡«ğŸ‡·
âœ… Ã‰tat : TrÃ¨s bon Ã©tat (Near Mint), carte en excellent Ã©tat (voir photos).

ğŸƒ Plein d'autres cartes sont disponibles sur mon profil mais aussi non listÃ© ! N'hÃ©sitez pas Ã  me demander pour la liste complÃ¨te de ma collection !

ğŸ›¡ï¸ Carte envoyÃ©e sous sleeve + toploader !
ğŸš€ ExpÃ©dition rapide sous 1 Ã  2 jours ouvrÃ©s ğŸ“¦
ğŸ¤ Remise en main propre possible sur Paris / 92 / 95
ğŸ“¸ Besoin de photos supplÃ©mentaires ? N'hÃ©sitez pas Ã  me demander !

ğŸ“¦ PossibilitÃ© de crÃ©er des lots personnalisÃ©s avec rÃ©duction sur les frais de port ğŸ¤‘

ğŸŒŸ Je recherche activement une Lightning, Army of One V.1 #320 en version Anglaise ou FranÃ§aise, Foil ou Non Foil, pour Ã©change ou achat (prÃ©fÃ©rence pour RMP en IDF) ğŸŒŸ
"
"Balamb Garden, SeeD Academy // Balamb Garden, Airborne #354 (FR) - Final Fantasy (FIN) - Non Foil","âœ¨ Carte MTG Magic The Gathering Balamb Garden, SeeD Academy // Balamb Garden, Airborne #354 - Final Fantasy (FIN)
ğŸ“˜ Version FranÃ§aise ğŸ‡«ğŸ‡·
âœ… Ã‰tat : TrÃ¨s bon Ã©tat (Near Mint), carte en excellent Ã©tat (voir photos).

ğŸƒ Plein d'autres cartes sont disponibles sur mon profil mais aussi non listÃ© ! N'hÃ©sitez pas Ã  me demander pour la liste complÃ¨te de ma collection !

ğŸ›¡ï¸ Carte envoyÃ©e sous sleeve + toploader !
ğŸš€ ExpÃ©dition rapide sous 1 Ã  2 jours ouvrÃ©s ğŸ“¦
ğŸ¤ Remise en main propre possible sur Paris / 92 / 95
ğŸ“¸ Besoin de photos supplÃ©mentaires ? N'hÃ©sitez pas Ã  me demander !

ğŸ“¦ PossibilitÃ© de crÃ©er des lots personnalisÃ©s avec rÃ©duction sur les frais de port ğŸ¤‘

ğŸŒŸ Je recherche activement une Lightning, Army of One V.1 #320 en version Anglaise ou FranÃ§aise, Foil ou Non Foil, pour Ã©change ou achat (prÃ©fÃ©rence pour RMP en IDF) ğŸŒŸ
"
Restoration Magic #30 (FR) - Final Fantasy (FIN) - Foil,"âœ¨ Carte MTG Magic The Gathering Restoration Magic #30 - Final Fantasy (FIN)
ğŸ“˜ Version FranÃ§aise ğŸ‡«ğŸ‡·
âœ… Ã‰tat : TrÃ¨s bon Ã©tat (Near Mint), carte en excellent Ã©tat (voir photos).

ğŸƒ Plein d'autres cartes sont disponibles sur mon profil mais aussi non listÃ© ! N'hÃ©sitez pas Ã  me demander pour la liste complÃ¨te de ma collection !

ğŸ›¡ï¸ Carte envoyÃ©e sous sleeve + toploader !
ğŸš€ ExpÃ©dition rapide sous 1 Ã  2 jours ouvrÃ©s ğŸ“¦
ğŸ¤ Remise en main propre possible sur Paris / 92 / 95
ğŸ“¸ Besoin de photos supplÃ©mentaires ? N'hÃ©sitez pas Ã  me demander !

ğŸ“¦ PossibilitÃ© de crÃ©er des lots personnalisÃ©s avec rÃ©duction sur les frais de port ğŸ¤‘

ğŸŒŸ Je recherche activement une Lightning, Army of One V.1 #320 en version Anglaise ou FranÃ§aise, Foil ou Non Foil, pour Ã©change ou achat (prÃ©fÃ©rence pour RMP en IDF) ğŸŒŸ
"
"Jidoor, Aristocratic Capital // Overture #284 (FR) - Final Fantasy (FIN) - Non Foil","âœ¨ Carte MTG Magic The Gathering Jidoor, Aristocratic Capital // Overture #284 - Final Fantasy (FIN)
ğŸ“˜ Version FranÃ§aise ğŸ‡«ğŸ‡·
âœ… Ã‰tat : TrÃ¨s bon Ã©tat (Near Mint), carte en excellent Ã©tat (voir photos).

ğŸƒ Plein d'autres cartes sont disponibles sur mon profil mais aussi non listÃ© ! N'hÃ©sitez pas Ã  me demander pour la liste complÃ¨te de ma collection !

ğŸ›¡ï¸ Carte envoyÃ©e sous sleeve + toploader !
ğŸš€ ExpÃ©dition rapide sous 1 Ã  2 jours ouvrÃ©s ğŸ“¦
ğŸ¤ Remise en main propre possible sur Paris / 92 / 95
ğŸ“¸ Besoin de photos supplÃ©mentaires ? N'hÃ©sitez pas Ã  me demander !

ğŸ“¦ PossibilitÃ© de crÃ©er des lots personnalisÃ©s avec rÃ©duction sur les frais de port ğŸ¤‘

ğŸŒŸ Je recherche activement une Lightning, Army of One V.1 #320 en version Anglaise ou FranÃ§aise, Foil ou Non Foil, pour Ã©change ou achat (prÃ©fÃ©rence pour RMP en IDF) ğŸŒŸ
"
"Ishgard, the Holy See // Faith & Grief #283 (FR) - Final Fantasy (FIN) - Non Foil","âœ¨ Carte MTG Magic The Gathering Ishgard, the Holy See // Faith & Grief #283 - Final Fantasy (FIN)
ğŸ“˜ Version FranÃ§aise ğŸ‡«ğŸ‡·
âœ… Ã‰tat : TrÃ¨s bon Ã©tat (Near Mint), carte en excellent Ã©tat (voir photos).

ğŸƒ Plein d'autres cartes sont disponibles sur mon profil mais aussi non listÃ© ! N'hÃ©sitez pas Ã  me demander pour la liste complÃ¨te de ma collection !

ğŸ›¡ï¸ Carte envoyÃ©e sous sleeve + toploader !
ğŸš€ ExpÃ©dition rapide sous 1 Ã  2 jours ouvrÃ©s ğŸ“¦
ğŸ¤ Remise en main propre possible sur Paris / 92 / 95
ğŸ“¸ Besoin de photos supplÃ©mentaires ? N'hÃ©sitez pas Ã  me demander !

ğŸ“¦ PossibilitÃ© de crÃ©er des lots personnalisÃ©s avec rÃ©duction sur les frais de port ğŸ¤‘

ğŸŒŸ Je recherche activement une Lightning, Army of One V.1 #320 en version Anglaise ou FranÃ§aise, Foil ou Non Foil, pour Ã©change ou achat (prÃ©fÃ©rence pour RMP en IDF) ğŸŒŸ
"
Aerith Gainsborough #4 (FR) - Final Fantasy (FIN) - Non Foil,"âœ¨ Carte MTG Magic The Gathering Aerith Gainsborough #4 - Final Fantasy (FIN)
ğŸ“˜ Version FranÃ§aise ğŸ‡«ğŸ‡·
âœ… Ã‰tat : TrÃ¨s bon Ã©tat (Near Mint), carte en excellent Ã©tat (voir photos).

ğŸƒ Plein d'autres cartes sont disponibles sur mon profil mais aussi non listÃ© ! N'hÃ©sitez pas Ã  me demander pour la liste complÃ¨te de ma collection !

ğŸ›¡ï¸ Carte envoyÃ©e sous sleeve + toploader !
ğŸš€ ExpÃ©dition rapide sous 1 Ã  2 jours ouvrÃ©s ğŸ“¦
ğŸ¤ Remise en main propre possible sur Paris / 92 / 95
ğŸ“¸ Besoin de photos supplÃ©mentaires ? N'hÃ©sitez pas Ã  me demander !

ğŸ“¦ PossibilitÃ© de crÃ©er des lots personnalisÃ©s avec rÃ©duction sur les frais de port ğŸ¤‘

ğŸŒŸ Je recherche activement une Lightning, Army of One V.1 #320 en version Anglaise ou FranÃ§aise, Foil ou Non Foil, pour Ã©change ou achat (prÃ©fÃ©rence pour RMP en IDF) ğŸŒŸ
"
Ultima #38 (FR) - Final Fantasy (FIN) - Non Foil,"âœ¨ Carte MTG Magic The Gathering Ultima #38 - Final Fantasy (FIN)
ğŸ“˜ Version FranÃ§aise ğŸ‡«ğŸ‡·
âœ… Ã‰tat : TrÃ¨s bon Ã©tat (Near Mint), carte en excellent Ã©tat (voir photos).

ğŸƒ Plein d'autres cartes sont disponibles sur mon profil mais aussi non listÃ© ! N'hÃ©sitez pas Ã  me demander pour la liste complÃ¨te de ma collection !

ğŸ›¡ï¸ Carte envoyÃ©e sous sleeve + toploader !
ğŸš€ ExpÃ©dition rapide sous 1 Ã  2 jours ouvrÃ©s ğŸ“¦
ğŸ¤ Remise en main propre possible sur Paris / 92 / 95
ğŸ“¸ Besoin de photos supplÃ©mentaires ? N'hÃ©sitez pas Ã  me demander !

ğŸ“¦ PossibilitÃ© de crÃ©er des lots personnalisÃ©s avec rÃ©duction sur les frais de port ğŸ¤‘

ğŸŒŸ Je recherche activement une Lightning, Army of One V.1 #320 en version Anglaise ou FranÃ§aise, Foil ou Non Foil, pour Ã©change ou achat (prÃ©fÃ©rence pour RMP en IDF) ğŸŒŸ
"
Excalibur II #257 (FR) - Final Fantasy (FIN) - Non Foil,"âœ¨ Carte MTG Magic The Gathering Excalibur II #257 - Final Fantasy (FIN)
ğŸ“˜ Version FranÃ§aise ğŸ‡«ğŸ‡·
âœ… Ã‰tat : TrÃ¨s bon Ã©tat (Near Mint), carte en excellent Ã©tat (voir photos).

ğŸƒ Plein d'autres cartes sont disponibles sur mon profil mais aussi non listÃ© ! N'hÃ©sitez pas Ã  me demander pour la liste complÃ¨te de ma collection !

ğŸ›¡ï¸ Carte envoyÃ©e sous sleeve + toploader !
ğŸš€ ExpÃ©dition rapide sous 1 Ã  2 jours ouvrÃ©s ğŸ“¦
ğŸ¤ Remise en main propre possible sur Paris / 92 / 95
ğŸ“¸ Besoin de photos supplÃ©mentaires ? N'hÃ©sitez pas Ã  me demander !

ğŸ“¦ PossibilitÃ© de crÃ©er des lots personnalisÃ©s avec rÃ©duction sur les frais de port ğŸ¤‘

ğŸŒŸ Je recherche activement une Lightning, Army of One V.1 #320 en version Anglaise ou FranÃ§aise, Foil ou Non Foil, pour Ã©change ou achat (prÃ©fÃ©rence pour RMP en IDF) ğŸŒŸ
"
Vincent Valentine // Galian Beast #125 (FR) - Final Fantasy (FIN) - Non Foil,"âœ¨ Carte MTG Magic The Gathering Vincent Valentine // Galian Beast #125 - Final Fantasy (FIN)
ğŸ“˜ Version FranÃ§aise ğŸ‡«ğŸ‡·
âœ… Ã‰tat : TrÃ¨s bon Ã©tat (Near Mint), carte en excellent Ã©tat (voir photos).

ğŸƒ Plein d'autres cartes sont disponibles sur mon profil mais aussi non listÃ© ! N'hÃ©sitez pas Ã  me demander pour la liste complÃ¨te de ma collection !

ğŸ›¡ï¸ Carte envoyÃ©e sous sleeve + toploader !
ğŸš€ ExpÃ©dition rapide sous 1 Ã  2 jours ouvrÃ©s ğŸ“¦
ğŸ¤ Remise en main propre possible sur Paris / 92 / 95
ğŸ“¸ Besoin de photos supplÃ©mentaires ? N'hÃ©sitez pas Ã  me demander !

ğŸ“¦ PossibilitÃ© de crÃ©er des lots personnalisÃ©s avec rÃ©duction sur les frais de port ğŸ¤‘

ğŸŒŸ Je recherche activement une Lightning, Army of One V.1 #320 en version Anglaise ou FranÃ§aise, Foil ou Non Foil, pour Ã©change ou achat (prÃ©fÃ©rence pour RMP en IDF) ğŸŒŸ
"
"Choco, Seeker of Paradise #215 (FR) - Final Fantasy (FIN) - Non Foil","âœ¨ Carte MTG Magic The Gathering Choco, Seeker of Paradise #215 - Final Fantasy (FIN)
ğŸ“˜ Version FranÃ§aise ğŸ‡«ğŸ‡·
âœ… Ã‰tat : TrÃ¨s bon Ã©tat (Near Mint), carte en excellent Ã©tat (voir photos).

ğŸƒ Plein d'autres cartes sont disponibles sur mon profil mais aussi non listÃ© ! N'hÃ©sitez pas Ã  me demander pour la liste complÃ¨te de ma collection !

ğŸ›¡ï¸ Carte envoyÃ©e sous sleeve + toploader !
ğŸš€ ExpÃ©dition rapide sous 1 Ã  2 jours ouvrÃ©s ğŸ“¦
ğŸ¤ Remise en main propre possible sur Paris / 92 / 95
ğŸ“¸ Besoin de photos supplÃ©mentaires ? N'hÃ©sitez pas Ã  me demander !

ğŸ“¦ PossibilitÃ© de crÃ©er des lots personnalisÃ©s avec rÃ©duction sur les frais de port ğŸ¤‘

ğŸŒŸ Je recherche activement une Lightning, Army of One V.1 #320 en version Anglaise ou FranÃ§aise, Foil ou Non Foil, pour Ã©change ou achat (prÃ©fÃ©rence pour RMP en IDF) ğŸŒŸ
"
Summon: Brynhildr #160 (FR) - Final Fantasy (FIN) - Non Foil,"âœ¨ Carte MTG Magic The Gathering Summon: Brynhildr #160 - Final Fantasy (FIN)
ğŸ“˜ Version FranÃ§aise ğŸ‡«ğŸ‡·
âœ… Ã‰tat : TrÃ¨s bon Ã©tat (Near Mint), carte en excellent Ã©tat (voir photos).

ğŸƒ Plein d'autres cartes sont disponibles sur mon profil mais aussi non listÃ© ! N'hÃ©sitez pas Ã  me demander pour la liste complÃ¨te de ma collection !

ğŸ›¡ï¸ Carte envoyÃ©e sous sleeve + toploader !
ğŸš€ ExpÃ©dition rapide sous 1 Ã  2 jours ouvrÃ©s ğŸ“¦
ğŸ¤ Remise en main propre possible sur Paris / 92 / 95
ğŸ“¸ Besoin de photos supplÃ©mentaires ? N'hÃ©sitez pas Ã  me demander !

ğŸ“¦ PossibilitÃ© de crÃ©er des lots personnalisÃ©s avec rÃ©duction sur les frais de port ğŸ¤‘

ğŸŒŸ Je recherche activement une Lightning, Army of One V.1 #320 en version Anglaise ou FranÃ§aise, Foil ou Non Foil, pour Ã©change ou achat (prÃ©fÃ©rence pour RMP en IDF) ğŸŒŸ
"
"Zenos yae Galvus // Shinryu, Transcendent Rival #127 (FR) - Final Fantasy (FIN) - Non Foil","âœ¨ Carte MTG Magic The Gathering Zenos yae Galvus // Shinryu, Transcendent Rival #127 - Final Fantasy (FIN)
ğŸ“˜ Version FranÃ§aise ğŸ‡«ğŸ‡·
âœ… Ã‰tat : TrÃ¨s bon Ã©tat (Near Mint), carte en excellent Ã©tat (voir photos).

ğŸƒ Plein d'autres cartes sont disponibles sur mon profil mais aussi non listÃ© ! N'hÃ©sitez pas Ã  me demander pour la liste complÃ¨te de ma collection !

ğŸ›¡ï¸ Carte envoyÃ©e sous sleeve + toploader !
ğŸš€ ExpÃ©dition rapide sous 1 Ã  2 jours ouvrÃ©s ğŸ“¦
ğŸ¤ Remise en main propre possible sur Paris / 92 / 95
ğŸ“¸ Besoin de photos supplÃ©mentaires ? N'hÃ©sitez pas Ã  me demander !

ğŸ“¦ PossibilitÃ© de crÃ©er des lots personnalisÃ©s avec rÃ©duction sur les frais de port ğŸ¤‘

ğŸŒŸ Je recherche activement une Lightning, Army of One V.1 #320 en version Anglaise ou FranÃ§aise, Foil ou Non Foil, pour Ã©change ou achat (prÃ©fÃ©rence pour RMP en IDF) ğŸŒŸ
"
"Raubahn, Bull of Ala Mhigo #151 (FR) - Final Fantasy (FIN) - Non Foil","âœ¨ Carte MTG Magic The Gathering Raubahn, Bull of Ala Mhigo #151 - Final Fantasy (FIN)
ğŸ“˜ Version FranÃ§aise ğŸ‡«ğŸ‡·
âœ… Ã‰tat : TrÃ¨s bon Ã©tat (Near Mint), carte en excellent Ã©tat (voir photos).

ğŸƒ Plein d'autres cartes sont disponibles sur mon profil mais aussi non listÃ© ! N'hÃ©sitez pas Ã  me demander pour la liste complÃ¨te de ma collection !

ğŸ›¡ï¸ Carte envoyÃ©e sous sleeve + toploader !
ğŸš€ ExpÃ©dition rapide sous 1 Ã  2 jours ouvrÃ©s ğŸ“¦
ğŸ¤ Remise en main propre possible sur Paris / 92 / 95
ğŸ“¸ Besoin de photos supplÃ©mentaires ? N'hÃ©sitez pas Ã  me demander !

ğŸ“¦ PossibilitÃ© de crÃ©er des lots personnalisÃ©s avec rÃ©duction sur les frais de port ğŸ¤‘

ğŸŒŸ Je recherche activement une Lightning, Army of One V.1 #320 en version Anglaise ou FranÃ§aise, Foil ou Non Foil, pour Ã©change ou achat (prÃ©fÃ©rence pour RMP en IDF) ğŸŒŸ
"
"Dion, Bahamut's Dominant // Bahamut, Warden of Light #16 (FR) - Final Fantasy (FIN) - Non Foil","âœ¨ Carte MTG Magic The Gathering Dion, Bahamut's Dominant // Bahamut, Warden of Light #16 - Final Fantasy (FIN)
ğŸ“˜ Version FranÃ§aise ğŸ‡«ğŸ‡·
âœ… Ã‰tat : TrÃ¨s bon Ã©tat (Near Mint), carte en excellent Ã©tat (voir photos).

ğŸƒ Plein d'autres cartes sont disponibles sur mon profil mais aussi non listÃ© ! N'hÃ©sitez pas Ã  me demander pour la liste complÃ¨te de ma collection !

ğŸ›¡ï¸ Carte envoyÃ©e sous sleeve + toploader !
ğŸš€ ExpÃ©dition rapide sous 1 Ã  2 jours ouvrÃ©s ğŸ“¦
ğŸ¤ Remise en main propre possible sur Paris / 92 / 95
ğŸ“¸ Besoin de photos supplÃ©mentaires ? N'hÃ©sitez pas Ã  me demander !

ğŸ“¦ PossibilitÃ© de crÃ©er des lots personnalisÃ©s avec rÃ©duction sur les frais de port ğŸ¤‘

ğŸŒŸ Je recherche activement une Lightning, Army of One V.1 #320 en version Anglaise ou FranÃ§aise, Foil ou Non Foil, pour Ã©change ou achat (prÃ©fÃ©rence pour RMP en IDF) ğŸŒŸ
"
Summon: Leviathan #77 (FR) - Final Fantasy (FIN) - Non Foil,"âœ¨ Carte MTG Magic The Gathering Summon: Leviathan #77 - Final Fantasy (FIN)
ğŸ“˜ Version FranÃ§aise ğŸ‡«ğŸ‡·
âœ… Ã‰tat : TrÃ¨s bon Ã©tat (Near Mint), carte en excellent Ã©tat (voir photos).

ğŸƒ Plein d'autres cartes sont disponibles sur mon profil mais aussi non listÃ© ! N'hÃ©sitez pas Ã  me demander pour la liste complÃ¨te de ma collection !

ğŸ›¡ï¸ Carte envoyÃ©e sous sleeve + toploader !
ğŸš€ ExpÃ©dition rapide sous 1 Ã  2 jours ouvrÃ©s ğŸ“¦
ğŸ¤ Remise en main propre possible sur Paris / 92 / 95
ğŸ“¸ Besoin de photos supplÃ©mentaires ? N'hÃ©sitez pas Ã  me demander !

ğŸ“¦ PossibilitÃ© de crÃ©er des lots personnalisÃ©s avec rÃ©duction sur les frais de port ğŸ¤‘

ğŸŒŸ Je recherche activement une Lightning, Army of One V.1 #320 en version Anglaise ou FranÃ§aise, Foil ou Non Foil, pour Ã©change ou achat (prÃ©fÃ©rence pour RMP en IDF) ğŸŒŸ
"
Zell Dincht #170 (FR) - Final Fantasy (FIN) - Non Foil,"âœ¨ Carte MTG Magic The Gathering Zell Dincht #170 - Final Fantasy (FIN)
ğŸ“˜ Version FranÃ§aise ğŸ‡«ğŸ‡·
âœ… Ã‰tat : TrÃ¨s bon Ã©tat (Near Mint), carte en excellent Ã©tat (voir photos).

ğŸƒ Plein d'autres cartes sont disponibles sur mon profil mais aussi non listÃ© ! N'hÃ©sitez pas Ã  me demander pour la liste complÃ¨te de ma collection !

ğŸ›¡ï¸ Carte envoyÃ©e sous sleeve + toploader !
ğŸš€ ExpÃ©dition rapide sous 1 Ã  2 jours ouvrÃ©s ğŸ“¦
ğŸ¤ Remise en main propre possible sur Paris / 92 / 95
ğŸ“¸ Besoin de photos supplÃ©mentaires ? N'hÃ©sitez pas Ã  me demander !

ğŸ“¦ PossibilitÃ© de crÃ©er des lots personnalisÃ©s avec rÃ©duction sur les frais de port ğŸ¤‘

ğŸŒŸ Je recherche activement une Lightning, Army of One V.1 #320 en version Anglaise ou FranÃ§aise, Foil ou Non Foil, pour Ã©change ou achat (prÃ©fÃ©rence pour RMP en IDF) ğŸŒŸ
"
Memories Returning #63 (FR) - Final Fantasy (FIN) - Non Foil,"âœ¨ Carte MTG Magic The Gathering Memories Returning #63 - Final Fantasy (FIN)
ğŸ“˜ Version FranÃ§aise ğŸ‡«ğŸ‡·
âœ… Ã‰tat : TrÃ¨s bon Ã©tat (Near Mint), carte en excellent Ã©tat (voir photos).

ğŸƒ Plein d'autres cartes sont disponibles sur mon profil mais aussi non listÃ© ! N'hÃ©sitez pas Ã  me demander pour la liste complÃ¨te de ma collection !

ğŸ›¡ï¸ Carte envoyÃ©e sous sleeve + toploader !
ğŸš€ ExpÃ©dition rapide sous 1 Ã  2 jours ouvrÃ©s ğŸ“¦
ğŸ¤ Remise en main propre possible sur Paris / 92 / 95
ğŸ“¸ Besoin de photos supplÃ©mentaires ? N'hÃ©sitez pas Ã  me demander !

ğŸ“¦ PossibilitÃ© de crÃ©er des lots personnalisÃ©s avec rÃ©duction sur les frais de port ğŸ¤‘

ğŸŒŸ Je recherche activement une Lightning, Army of One V.1 #320 en version Anglaise ou FranÃ§aise, Foil ou Non Foil, pour Ã©change ou achat (prÃ©fÃ©rence pour RMP en IDF) ğŸŒŸ
"
"Noctis, Prince of Lucis #235 (FR) - Final Fantasy (FIN) - Non Foil","âœ¨ Carte MTG Magic The Gathering Noctis, Prince of Lucis #235 - Final Fantasy (FIN)
ğŸ“˜ Version FranÃ§aise ğŸ‡«ğŸ‡·
âœ… Ã‰tat : TrÃ¨s bon Ã©tat (Near Mint), carte en excellent Ã©tat (voir photos).

ğŸƒ Plein d'autres cartes sont disponibles sur mon profil mais aussi non listÃ© ! N'hÃ©sitez pas Ã  me demander pour la liste complÃ¨te de ma collection !

ğŸ›¡ï¸ Carte envoyÃ©e sous sleeve + toploader !
ğŸš€ ExpÃ©dition rapide sous 1 Ã  2 jours ouvrÃ©s ğŸ“¦
ğŸ¤ Remise en main propre possible sur Paris / 92 / 95
ğŸ“¸ Besoin de photos supplÃ©mentaires ? N'hÃ©sitez pas Ã  me demander !

ğŸ“¦ PossibilitÃ© de crÃ©er des lots personnalisÃ©s avec rÃ©duction sur les frais de port ğŸ¤‘

ğŸŒŸ Je recherche activement une Lightning, Army of One V.1 #320 en version Anglaise ou FranÃ§aise, Foil ou Non Foil, pour Ã©change ou achat (prÃ©fÃ©rence pour RMP en IDF) ğŸŒŸ
"
A Realm Reborn #196 (FR) - Final Fantasy (FIN) - Non Foil,"âœ¨ Carte MTG Magic The Gathering A Realm Reborn #196 - Final Fantasy (FIN)
ğŸ“˜ Version FranÃ§aise ğŸ‡«ğŸ‡·
âœ… Ã‰tat : TrÃ¨s bon Ã©tat (Near Mint), carte en excellent Ã©tat (voir photos).

ğŸƒ Plein d'autres cartes sont disponibles sur mon profil mais aussi non listÃ© ! N'hÃ©sitez pas Ã  me demander pour la liste complÃ¨te de ma collection !

ğŸ›¡ï¸ Carte envoyÃ©e sous sleeve + toploader !
ğŸš€ ExpÃ©dition rapide sous 1 Ã  2 jours ouvrÃ©s ğŸ“¦
ğŸ¤ Remise en main propre possible sur Paris / 92 / 95
ğŸ“¸ Besoin de photos supplÃ©mentaires ? N'hÃ©sitez pas Ã  me demander !

ğŸ“¦ PossibilitÃ© de crÃ©er des lots personnalisÃ©s avec rÃ©duction sur les frais de port ğŸ¤‘

ğŸŒŸ Je recherche activement une Lightning, Army of One V.1 #320 en version Anglaise ou FranÃ§aise, Foil ou Non Foil, pour Ã©change ou achat (prÃ©fÃ©rence pour RMP en IDF) ğŸŒŸ
"
From Father to Son #20 (FR) - Final Fantasy (FIN) - Foil,"âœ¨ Carte MTG Magic The Gathering From Father to Son #20 - Final Fantasy (FIN)
ğŸ“˜ Version FranÃ§aise ğŸ‡«ğŸ‡·
âœ… Ã‰tat : TrÃ¨s bon Ã©tat (Near Mint), carte en excellent Ã©tat (voir photos).

ğŸƒ Plein d'autres cartes sont disponibles sur mon profil mais aussi non listÃ© ! N'hÃ©sitez pas Ã  me demander pour la liste complÃ¨te de ma collection !

ğŸ›¡ï¸ Carte envoyÃ©e sous sleeve + toploader !
ğŸš€ ExpÃ©dition rapide sous 1 Ã  2 jours ouvrÃ©s ğŸ“¦
ğŸ¤ Remise en main propre possible sur Paris / 92 / 95
ğŸ“¸ Besoin de photos supplÃ©mentaires ? N'hÃ©sitez pas Ã  me demander !

ğŸ“¦ PossibilitÃ© de crÃ©er des lots personnalisÃ©s avec rÃ©duction sur les frais de port ğŸ¤‘

ğŸŒŸ Je recherche activement une Lightning, Army of One V.1 #320 en version Anglaise ou FranÃ§aise, Foil ou Non Foil, pour Ã©change ou achat (prÃ©fÃ©rence pour RMP en IDF) ğŸŒŸ
"
"Golbez, Crystal Collector #225 (FR) - Final Fantasy (FIN) - Non Foil","âœ¨ Carte MTG Magic The Gathering Golbez, Crystal Collector #225 - Final Fantasy (FIN)
ğŸ“˜ Version FranÃ§aise ğŸ‡«ğŸ‡·
âœ… Ã‰tat : TrÃ¨s bon Ã©tat (Near Mint), carte en excellent Ã©tat (voir photos).

ğŸƒ Plein d'autres cartes sont disponibles sur mon profil mais aussi non listÃ© ! N'hÃ©sitez pas Ã  me demander pour la liste complÃ¨te de ma collection !

ğŸ›¡ï¸ Carte envoyÃ©e sous sleeve + toploader !
ğŸš€ ExpÃ©dition rapide sous 1 Ã  2 jours ouvrÃ©s ğŸ“¦
ğŸ¤ Remise en main propre possible sur Paris / 92 / 95
ğŸ“¸ Besoin de photos supplÃ©mentaires ? N'hÃ©sitez pas Ã  me demander !

ğŸ“¦ PossibilitÃ© de crÃ©er des lots personnalisÃ©s avec rÃ©duction sur les frais de port ğŸ¤‘

ğŸŒŸ Je recherche activement une Lightning, Army of One V.1 #320 en version Anglaise ou FranÃ§aise, Foil ou Non Foil, pour Ã©change ou achat (prÃ©fÃ©rence pour RMP en IDF) ğŸŒŸ
"
"Fang, Fearless l'Cie #381 (FR) - Final Fantasy (FIN) - Non Foil","âœ¨ Carte MTG Magic The Gathering Fang, Fearless l'Cie #381 - Final Fantasy (FIN)
ğŸ“˜ Version FranÃ§aise ğŸ‡«ğŸ‡·
âœ… Ã‰tat : TrÃ¨s bon Ã©tat (Near Mint), carte en excellent Ã©tat (voir photos).

ğŸƒ Plein d'autres cartes sont disponibles sur mon profil mais aussi non listÃ© ! N'hÃ©sitez pas Ã  me demander pour la liste complÃ¨te de ma collection !

ğŸ›¡ï¸ Carte envoyÃ©e sous sleeve + toploader !
ğŸš€ ExpÃ©dition rapide sous 1 Ã  2 jours ouvrÃ©s ğŸ“¦
ğŸ¤ Remise en main propre possible sur Paris / 92 / 95
ğŸ“¸ Besoin de photos supplÃ©mentaires ? N'hÃ©sitez pas Ã  me demander !

ğŸ“¦ PossibilitÃ© de crÃ©er des lots personnalisÃ©s avec rÃ©duction sur les frais de port ğŸ¤‘

ğŸŒŸ Je recherche activement une Lightning, Army of One V.1 #320 en version Anglaise ou FranÃ§aise, Foil ou Non Foil, pour Ã©change ou achat (prÃ©fÃ©rence pour RMP en IDF) ğŸŒŸ
"
"Firion, Wild Rose Warrior #137 (FR) - Final Fantasy (FIN) - Non Foil","âœ¨ Carte MTG Magic The Gathering Firion, Wild Rose Warrior #137 - Final Fantasy (FIN)
ğŸ“˜ Version FranÃ§aise ğŸ‡«ğŸ‡·
âœ… Ã‰tat : TrÃ¨s bon Ã©tat (Near Mint), carte en excellent Ã©tat (voir photos).

ğŸƒ Plein d'autres cartes sont disponibles sur mon profil mais aussi non listÃ© ! N'hÃ©sitez pas Ã  me demander pour la liste complÃ¨te de ma collection !

ğŸ›¡ï¸ Carte envoyÃ©e sous sleeve + toploader !
ğŸš€ ExpÃ©dition rapide sous 1 Ã  2 jours ouvrÃ©s ğŸ“¦
ğŸ¤ Remise en main propre possible sur Paris / 92 / 95
ğŸ“¸ Besoin de photos supplÃ©mentaires ? N'hÃ©sitez pas Ã  me demander !

ğŸ“¦ PossibilitÃ© de crÃ©er des lots personnalisÃ©s avec rÃ©duction sur les frais de port ğŸ¤‘

ğŸŒŸ Je recherche activement une Lightning, Army of One V.1 #320 en version Anglaise ou FranÃ§aise, Foil ou Non Foil, pour Ã©change ou achat (prÃ©fÃ©rence pour RMP en IDF) ğŸŒŸ
"
Clive's Hideaway #275 (FR) - Final Fantasy (FIN) - Non Foil,"âœ¨ Carte MTG Magic The Gathering Clive's Hideaway #275 - Final Fantasy (FIN)
ğŸ“˜ Version FranÃ§aise ğŸ‡«ğŸ‡·
âœ… Ã‰tat : TrÃ¨s bon Ã©tat (Near Mint), carte en excellent Ã©tat (voir photos).

ğŸƒ Plein d'autres cartes sont disponibles sur mon profil mais aussi non listÃ© ! N'hÃ©sitez pas Ã  me demander pour la liste complÃ¨te de ma collection !

ğŸ›¡ï¸ Carte envoyÃ©e sous sleeve + toploader !
ğŸš€ ExpÃ©dition rapide sous 1 Ã  2 jours ouvrÃ©s ğŸ“¦
ğŸ¤ Remise en main propre possible sur Paris / 92 / 95
ğŸ“¸ Besoin de photos supplÃ©mentaires ? N'hÃ©sitez pas Ã  me demander !

ğŸ“¦ PossibilitÃ© de crÃ©er des lots personnalisÃ©s avec rÃ©duction sur les frais de port ğŸ¤‘

ğŸŒŸ Je recherche activement une Lightning, Army of One V.1 #320 en version Anglaise ou FranÃ§aise, Foil ou Non Foil, pour Ã©change ou achat (prÃ©fÃ©rence pour RMP en IDF) ğŸŒŸ
"
Summon: Anima #364 (FR) - Final Fantasy (FIN) - Non Foil,"âœ¨ Carte MTG Magic The Gathering Summon: Anima #364 - Final Fantasy (FIN)
ğŸ“˜ Version FranÃ§aise ğŸ‡«ğŸ‡·
âœ… Ã‰tat : TrÃ¨s bon Ã©tat (Near Mint), carte en excellent Ã©tat (voir photos).

ğŸƒ Plein d'autres cartes sont disponibles sur mon profil mais aussi non listÃ© ! N'hÃ©sitez pas Ã  me demander pour la liste complÃ¨te de ma collection !

ğŸ›¡ï¸ Carte envoyÃ©e sous sleeve + toploader !
ğŸš€ ExpÃ©dition rapide sous 1 Ã  2 jours ouvrÃ©s ğŸ“¦
ğŸ¤ Remise en main propre possible sur Paris / 92 / 95
ğŸ“¸ Besoin de photos supplÃ©mentaires ? N'hÃ©sitez pas Ã  me demander !

ğŸ“¦ PossibilitÃ© de crÃ©er des lots personnalisÃ©s avec rÃ©duction sur les frais de port ğŸ¤‘

ğŸŒŸ Je recherche activement une Lightning, Army of One V.1 #320 en version Anglaise ou FranÃ§aise, Foil ou Non Foil, pour Ã©change ou achat (prÃ©fÃ©rence pour RMP en IDF) ğŸŒŸ
"
The Regalia #267 (FR) - Final Fantasy (FIN) - Non Foil,"âœ¨ Carte MTG Magic The Gathering The Regalia #267 - Final Fantasy (FIN)
ğŸ“˜ Version FranÃ§aise ğŸ‡«ğŸ‡·
âœ… Ã‰tat : TrÃ¨s bon Ã©tat (Near Mint), carte en excellent Ã©tat (voir photos).

ğŸƒ Plein d'autres cartes sont disponibles sur mon profil mais aussi non listÃ© ! N'hÃ©sitez pas Ã  me demander pour la liste complÃ¨te de ma collection !

ğŸ›¡ï¸ Carte envoyÃ©e sous sleeve + toploader !
ğŸš€ ExpÃ©dition rapide sous 1 Ã  2 jours ouvrÃ©s ğŸ“¦
ğŸ¤ Remise en main propre possible sur Paris / 92 / 95
ğŸ“¸ Besoin de photos supplÃ©mentaires ? N'hÃ©sitez pas Ã  me demander !

ğŸ“¦ PossibilitÃ© de crÃ©er des lots personnalisÃ©s avec rÃ©duction sur les frais de port ğŸ¤‘

ğŸŒŸ Je recherche activement une Lightning, Army of One V.1 #320 en version Anglaise ou FranÃ§aise, Foil ou Non Foil, pour Ã©change ou achat (prÃ©fÃ©rence pour RMP en IDF) ğŸŒŸ
"
Summoner's Grimoire #205 (FR) - Final Fantasy (FIN) - Non Foil,"âœ¨ Carte MTG Magic The Gathering Summoner's Grimoire #205 - Final Fantasy (FIN)
ğŸ“˜ Version FranÃ§aise ğŸ‡«ğŸ‡·
âœ… Ã‰tat : TrÃ¨s bon Ã©tat (Near Mint), carte en excellent Ã©tat (voir photos).

ğŸƒ Plein d'autres cartes sont disponibles sur mon profil mais aussi non listÃ© ! N'hÃ©sitez pas Ã  me demander pour la liste complÃ¨te de ma collection !

ğŸ›¡ï¸ Carte envoyÃ©e sous sleeve + toploader !
ğŸš€ ExpÃ©dition rapide sous 1 Ã  2 jours ouvrÃ©s ğŸ“¦
ğŸ¤ Remise en main propre possible sur Paris / 92 / 95
ğŸ“¸ Besoin de photos supplÃ©mentaires ? N'hÃ©sitez pas Ã  me demander !

ğŸ“¦ PossibilitÃ© de crÃ©er des lots personnalisÃ©s avec rÃ©duction sur les frais de port ğŸ¤‘

ğŸŒŸ Je recherche activement une Lightning, Army of One V.1 #320 en version Anglaise ou FranÃ§aise, Foil ou Non Foil, pour Ã©change ou achat (prÃ©fÃ©rence pour RMP en IDF) ğŸŒŸ
"
Summon: G.F. Cerberus #162 (FR) - Final Fantasy (FIN) - Non Foil,"âœ¨ Carte MTG Magic The Gathering Summon: G.F. Cerberus #162 - Final Fantasy (FIN)
ğŸ“˜ Version FranÃ§aise ğŸ‡«ğŸ‡·
âœ… Ã‰tat : TrÃ¨s bon Ã©tat (Near Mint), carte en excellent Ã©tat (voir photos).

ğŸƒ Plein d'autres cartes sont disponibles sur mon profil mais aussi non listÃ© ! N'hÃ©sitez pas Ã  me demander pour la liste complÃ¨te de ma collection !

ğŸ›¡ï¸ Carte envoyÃ©e sous sleeve + toploader !
ğŸš€ ExpÃ©dition rapide sous 1 Ã  2 jours ouvrÃ©s ğŸ“¦
ğŸ¤ Remise en main propre possible sur Paris / 92 / 95
ğŸ“¸ Besoin de photos supplÃ©mentaires ? N'hÃ©sitez pas Ã  me demander !

ğŸ“¦ PossibilitÃ© de crÃ©er des lots personnalisÃ©s avec rÃ©duction sur les frais de port ğŸ¤‘

ğŸŒŸ Je recherche activement une Lightning, Army of One V.1 #320 en version Anglaise ou FranÃ§aise, Foil ou Non Foil, pour Ã©change ou achat (prÃ©fÃ©rence pour RMP en IDF) ğŸŒŸ
"
"Balamb Garden, SeeD Academy // Balamb Garden, Airborne #272 (FR) - Final Fantasy (FIN) - Non Foil","âœ¨ Carte MTG Magic The Gathering Balamb Garden, SeeD Academy // Balamb Garden, Airborne #272 - Final Fantasy (FIN)
ğŸ“˜ Version FranÃ§aise ğŸ‡«ğŸ‡·
âœ… Ã‰tat : TrÃ¨s bon Ã©tat (Near Mint), carte en excellent Ã©tat (voir photos).

ğŸƒ Plein d'autres cartes sont disponibles sur mon profil mais aussi non listÃ© ! N'hÃ©sitez pas Ã  me demander pour la liste complÃ¨te de ma collection !

ğŸ›¡ï¸ Carte envoyÃ©e sous sleeve + toploader !
ğŸš€ ExpÃ©dition rapide sous 1 Ã  2 jours ouvrÃ©s ğŸ“¦
ğŸ¤ Remise en main propre possible sur Paris / 92 / 95
ğŸ“¸ Besoin de photos supplÃ©mentaires ? N'hÃ©sitez pas Ã  me demander !

ğŸ“¦ PossibilitÃ© de crÃ©er des lots personnalisÃ©s avec rÃ©duction sur les frais de port ğŸ¤‘

ğŸŒŸ Je recherche activement une Lightning, Army of One V.1 #320 en version Anglaise ou FranÃ§aise, Foil ou Non Foil, pour Ã©change ou achat (prÃ©fÃ©rence pour RMP en IDF) ğŸŒŸ
"
Sazh Katzroy #199 (FR) - Final Fantasy (FIN) - Non Foil,"âœ¨ Carte MTG Magic The Gathering Sazh Katzroy #199 - Final Fantasy (FIN)
ğŸ“˜ Version FranÃ§aise ğŸ‡«ğŸ‡·
âœ… Ã‰tat : TrÃ¨s bon Ã©tat (Near Mint), carte en excellent Ã©tat (voir photos).

ğŸƒ Plein d'autres cartes sont disponibles sur mon profil mais aussi non listÃ© ! N'hÃ©sitez pas Ã  me demander pour la liste complÃ¨te de ma collection !

ğŸ›¡ï¸ Carte envoyÃ©e sous sleeve + toploader !
ğŸš€ ExpÃ©dition rapide sous 1 Ã  2 jours ouvrÃ©s ğŸ“¦
ğŸ¤ Remise en main propre possible sur Paris / 92 / 95
ğŸ“¸ Besoin de photos supplÃ©mentaires ? N'hÃ©sitez pas Ã  me demander !

ğŸ“¦ PossibilitÃ© de crÃ©er des lots personnalisÃ©s avec rÃ©duction sur les frais de port ğŸ¤‘

ğŸŒŸ Je recherche activement une Lightning, Army of One V.1 #320 en version Anglaise ou FranÃ§aise, Foil ou Non Foil, pour Ã©change ou achat (prÃ©fÃ©rence pour RMP en IDF) ğŸŒŸ
"
Moogles' Valor #27 (FR) - Final Fantasy (FIN) - Non Foil,"âœ¨ Carte MTG Magic The Gathering Moogles' Valor #27 - Final Fantasy (FIN)
ğŸ“˜ Version FranÃ§aise ğŸ‡«ğŸ‡·
âœ… Ã‰tat : TrÃ¨s bon Ã©tat (Near Mint), carte en excellent Ã©tat (voir photos).

ğŸƒ Plein d'autres cartes sont disponibles sur mon profil mais aussi non listÃ© ! N'hÃ©sitez pas Ã  me demander pour la liste complÃ¨te de ma collection !

ğŸ›¡ï¸ Carte envoyÃ©e sous sleeve + toploader !
ğŸš€ ExpÃ©dition rapide sous 1 Ã  2 jours ouvrÃ©s ğŸ“¦
ğŸ¤ Remise en main propre possible sur Paris / 92 / 95
ğŸ“¸ Besoin de photos supplÃ©mentaires ? N'hÃ©sitez pas Ã  me demander !

ğŸ“¦ PossibilitÃ© de crÃ©er des lots personnalisÃ©s avec rÃ©duction sur les frais de port ğŸ¤‘

ğŸŒŸ Je recherche activement une Lightning, Army of One V.1 #320 en version Anglaise ou FranÃ§aise, Foil ou Non Foil, pour Ã©change ou achat (prÃ©fÃ©rence pour RMP en IDF) ğŸŒŸ
"
"Vaan, Street Thief #168 (FR) - Final Fantasy (FIN) - Non Foil","âœ¨ Carte MTG Magic The Gathering Vaan, Street Thief #168 - Final Fantasy (FIN)
ğŸ“˜ Version FranÃ§aise ğŸ‡«ğŸ‡·
âœ… Ã‰tat : TrÃ¨s bon Ã©tat (Near Mint), carte en excellent Ã©tat (voir photos).

ğŸƒ Plein d'autres cartes sont disponibles sur mon profil mais aussi non listÃ© ! N'hÃ©sitez pas Ã  me demander pour la liste complÃ¨te de ma collection !

ğŸ›¡ï¸ Carte envoyÃ©e sous sleeve + toploader !
ğŸš€ ExpÃ©dition rapide sous 1 Ã  2 jours ouvrÃ©s ğŸ“¦
ğŸ¤ Remise en main propre possible sur Paris / 92 / 95
ğŸ“¸ Besoin de photos supplÃ©mentaires ? N'hÃ©sitez pas Ã  me demander !

ğŸ“¦ PossibilitÃ© de crÃ©er des lots personnalisÃ©s avec rÃ©duction sur les frais de port ğŸ¤‘

ğŸŒŸ Je recherche activement une Lightning, Army of One V.1 #320 en version Anglaise ou FranÃ§aise, Foil ou Non Foil, pour Ã©change ou achat (prÃ©fÃ©rence pour RMP en IDF) ğŸŒŸ
"
"Kain, Traitorous Dragoon #105 (FR) - Final Fantasy (FIN) - Non Foil","âœ¨ Carte MTG Magic The Gathering Kain, Traitorous Dragoon #105 - Final Fantasy (FIN)
ğŸ“˜ Version FranÃ§aise ğŸ‡«ğŸ‡·
âœ… Ã‰tat : TrÃ¨s bon Ã©tat (Near Mint), carte en excellent Ã©tat (voir photos).

ğŸƒ Plein d'autres cartes sont disponibles sur mon profil mais aussi non listÃ© ! N'hÃ©sitez pas Ã  me demander pour la liste complÃ¨te de ma collection !

ğŸ›¡ï¸ Carte envoyÃ©e sous sleeve + toploader !
ğŸš€ ExpÃ©dition rapide sous 1 Ã  2 jours ouvrÃ©s ğŸ“¦
ğŸ¤ Remise en main propre possible sur Paris / 92 / 95
ğŸ“¸ Besoin de photos supplÃ©mentaires ? N'hÃ©sitez pas Ã  me demander !

ğŸ“¦ PossibilitÃ© de crÃ©er des lots personnalisÃ©s avec rÃ©duction sur les frais de port ğŸ¤‘

ğŸŒŸ Je recherche activement une Lightning, Army of One V.1 #320 en version Anglaise ou FranÃ§aise, Foil ou Non Foil, pour Ã©change ou achat (prÃ©fÃ©rence pour RMP en IDF) ğŸŒŸ
"
Bartz and Boko #175 (FR) - Final Fantasy (FIN) - Non Foil,"âœ¨ Carte MTG Magic The Gathering Bartz and Boko #175 - Final Fantasy (FIN)
ğŸ“˜ Version FranÃ§aise ğŸ‡«ğŸ‡·
âœ… Ã‰tat : TrÃ¨s bon Ã©tat (Near Mint), carte en excellent Ã©tat (voir photos).

ğŸƒ Plein d'autres cartes sont disponibles sur mon profil mais aussi non listÃ© ! N'hÃ©sitez pas Ã  me demander pour la liste complÃ¨te de ma collection !

ğŸ›¡ï¸ Carte envoyÃ©e sous sleeve + toploader !
ğŸš€ ExpÃ©dition rapide sous 1 Ã  2 jours ouvrÃ©s ğŸ“¦
ğŸ¤ Remise en main propre possible sur Paris / 92 / 95
ğŸ“¸ Besoin de photos supplÃ©mentaires ? N'hÃ©sitez pas Ã  me demander !

ğŸ“¦ PossibilitÃ© de crÃ©er des lots personnalisÃ©s avec rÃ©duction sur les frais de port ğŸ¤‘

ğŸŒŸ Je recherche activement une Lightning, Army of One V.1 #320 en version Anglaise ou FranÃ§aise, Foil ou Non Foil, pour Ã©change ou achat (prÃ©fÃ©rence pour RMP en IDF) ğŸŒŸ
"
"Sin, Spira's Punishment #242 (FR) - Final Fantasy (FIN) - Non Foil","âœ¨ Carte MTG Magic The Gathering Sin, Spira's Punishment #242 - Final Fantasy (FIN)
ğŸ“˜ Version FranÃ§aise ğŸ‡«ğŸ‡·
âœ… Ã‰tat : TrÃ¨s bon Ã©tat (Near Mint), carte en excellent Ã©tat (voir photos).

ğŸƒ Plein d'autres cartes sont disponibles sur mon profil mais aussi non listÃ© ! N'hÃ©sitez pas Ã  me demander pour la liste complÃ¨te de ma collection !

ğŸ›¡ï¸ Carte envoyÃ©e sous sleeve + toploader !
ğŸš€ ExpÃ©dition rapide sous 1 Ã  2 jours ouvrÃ©s ğŸ“¦
ğŸ¤ Remise en main propre possible sur Paris / 92 / 95
ğŸ“¸ Besoin de photos supplÃ©mentaires ? N'hÃ©sitez pas Ã  me demander !

ğŸ“¦ PossibilitÃ© de crÃ©er des lots personnalisÃ©s avec rÃ©duction sur les frais de port ğŸ¤‘

ğŸŒŸ Je recherche activement une Lightning, Army of One V.1 #320 en version Anglaise ou FranÃ§aise, Foil ou Non Foil, pour Ã©change ou achat (prÃ©fÃ©rence pour RMP en IDF) ğŸŒŸ
"
From Father to Son #20 (FR) - Final Fantasy (FIN) - Non Foil,"âœ¨ Carte MTG Magic The Gathering From Father to Son #20 - Final Fantasy (FIN)
ğŸ“˜ Version FranÃ§aise ğŸ‡«ğŸ‡·
âœ… Ã‰tat : TrÃ¨s bon Ã©tat (Near Mint), carte en excellent Ã©tat (voir photos).

ğŸƒ Plein d'autres cartes sont disponibles sur mon profil mais aussi non listÃ© ! N'hÃ©sitez pas Ã  me demander pour la liste complÃ¨te de ma collection !

ğŸ›¡ï¸ Carte envoyÃ©e sous sleeve + toploader !
ğŸš€ ExpÃ©dition rapide sous 1 Ã  2 jours ouvrÃ©s ğŸ“¦
ğŸ¤ Remise en main propre possible sur Paris / 92 / 95
ğŸ“¸ Besoin de photos supplÃ©mentaires ? N'hÃ©sitez pas Ã  me demander !

ğŸ“¦ PossibilitÃ© de crÃ©er des lots personnalisÃ©s avec rÃ©duction sur les frais de port ğŸ¤‘

ğŸŒŸ Je recherche activement une Lightning, Army of One V.1 #320 en version Anglaise ou FranÃ§aise, Foil ou Non Foil, pour Ã©change ou achat (prÃ©fÃ©rence pour RMP en IDF) ğŸŒŸ
"
